id,case,statement,figure,unit,basis,geography,type,source,location,verification,caveat
CL-MAC-01,BC-MACRO,"The Commission states that European Business Wallets ""could unlock another EUR 150 billion in savings for businesses each year"", assuming broad uptake (""up to"").",150,EUR bn,per year,EU-27,upper-bound,SRC-EC-IP-25-2718,Introduction and EBW section,read,"The FAQ words the condition as ""if all companies take up""; the impact assessment uses 75% of economic operators and 100% of public bodies. The figure is not a GDP effect."
CL-MAC-02,BC-MACRO,"At 75% adoption the impact assessment estimates total direct benefits of around EUR 169 billion per year: about EUR 14 billion for public sector bodies and EUR 155 billion for economic operators. It calls this ""the estimated upper bound of potential benefits"".",169,EUR bn,per year,EU-27,upper-bound,SRC-EC-SWD-2025-837,"Section 6, pp. 39-41 (approximate)",read,The press release figure of EUR 150 billion matches the economic-operator upper bound of EUR 154.45 billion (Table 9) rounded down.
CL-MAC-03,BC-MACRO,"At 100% adoption by economic operators and public bodies the impact assessment gives about EUR 225 billion (EUR 19 billion public bodies, EUR 206 billion economic operators).",225,EUR bn,per year,EU-27,upper-bound,SRC-EC-SWD-2025-837,Section 6 (approximate),read,Full-adoption scenario; a theoretical ceiling. The same table appears in the explanatory memorandum of COM(2025) 838.
CL-MAC-04,BC-MACRO,"Minimum direct benefit across the adoption ranges: EUR 58.42 billion (public bodies EUR 3.10 billion, economic operators EUR 55.32 billion); maximum EUR 168.79 billion.",58.42,EUR bn,per year,EU-27,lower-bound,SRC-EC-SWD-2025-837,Table 9,read,Small survey samples; see limitations.
CL-MAC-05,BC-MACRO,"Scope of the estimate: 32,721,957 economic operators (94.2% microenterprises, 5.6% SMEs, 0.2% corporates) and 95,825 public sector bodies (95,068 local administrative units and 757 central, regional, national and EU bodies).",,entities,stock,EU-27,fact,SRC-EC-SWD-2025-837,"Table 19, Annex 4",read,
CL-MAC-06,BC-MACRO,"Annual direct benefit per entity used in the model: microenterprise EUR 4,000; SME EUR 42,250; corporate EUR 97,300; average public sector body about EUR 199,600.",,EUR per entity,per year,EU-27,estimate,SRC-EC-SWD-2025-837,Table 8,read,Averages across heterogeneous segments.
CL-MAC-07,BC-MACRO,"Costs at 75% adoption: economic operators over EUR 45 billion in year 1 (about EUR 25 billion one-off plus EUR 21 billion recurring), then about EUR 21 billion per year; public bodies EUR 7.33 billion in year 1 (EUR 6.18 billion one-off, EUR 1.15 billion recurring). Per entity one-off and annual: micro EUR 620 and 500; SME EUR 2,600 and 5,000; corporate EUR 180,000 and 50,000.",45,EUR bn,year 1,EU-27,estimate,SRC-EC-SWD-2025-837,"Section 6, pp. 38-39 (approximate)",read,The source text is inconsistent for economic-operator costs (a later passage gives nearly EUR 61 billion); not resolved here.
CL-MAC-08,BC-MACRO,Net direct benefit in the preferred adoption range: maximum EUR 115.97 billion in year 1 and EUR 147.22 billion in year 2; minimum about EUR 6 billion in year 1 and about EUR 37 billion in year 2. At the lowest adoption range (10%) the minimum net is about minus EUR 6 billion in year 1 and plus EUR 4 billion in year 2.,37,EUR bn,year 2 minimum net,EU-27,estimate,SRC-EC-SWD-2025-837,Section 6.3,read,"The lowest range ""should not be interpreted as a minimum adoption scenario""."
CL-MAC-09,BC-MACRO,"Indirect benefits, stated as minimum quantifiable: trust in digital transactions EUR 16.66 billion, fraud reduction EUR 4.96 billion, data quality EUR 1.35 billion, resource reallocation and cross-border expansion EUR 0.45 billion.",,EUR bn,per year,EU-27,estimate,SRC-EC-SWD-2025-837,"Section 8, Table 14",read,"Totals are inconsistent inside the document (EUR 23.42 billion in the table, EUR 26.81 billion in the text); some overlap with direct benefits may occur."
CL-MAC-10,BC-MACRO,"The impact assessment lists its own limitations: limited public cost data, no comparable benchmarks, hard-to-forecast licensing fees, reliance on averages, a small number of survey responses (24 public bodies, 38 economic operators), and adoption assumptions that may be affected by political, technical or behavioural factors.",,,,EU-27,finding,SRC-EC-SWD-2025-837,"Annex 4, section 8, pp. 92-93 (approximate)",read,
CL-MAC-11,BC-MACRO,"The Digital Package press release separates two figures: simplification measures estimated to save up to EUR 5 billion in administrative costs by 2029, and the European Business Wallets, which could unlock up to EUR 150 billion per year. The EUR 5 billion belongs to the Digital Omnibus, not the wallets.",5,EUR bn,by 2029,EU-27,fact,SRC-EC-IP-25-2718,Introduction,read,Quoting EUR 5 billion and EUR 150 billion together as one figure would be wrong.
CL-MAC-12,BC-MACRO,"A figure of EUR 37.5 billion recurring savings for SMEs that is often quoted could not be found in the press release, the FAQ, the ""EBW in a nutshell"" page or the impact assessment. The nearest official number is about EUR 37 billion net in year 2 (minimum, preferred adoption range).",,EUR bn,,EU-27,finding,SRC-EC-SWD-2025-837,searched full text,read,Treat the SME figure as untraceable until a primary source is produced.
CL-MAC-13,BC-MACRO,Academic evidence on digital government and firm productivity: a difference-in-differences study of Chinese listed firms (2010-2020) finds an average increase in corporate total factor productivity of about 5%.,5,percent TFP,average effect,"China, listed firms",estimate,SRC-PLOS-CHEN-2024,abstract,read,"Listed firms only and China-specific: weak transferability to EU SMEs. Shows the direction of the effect, not an EU number."
CL-COM-01,BC-COMPANY,"Cost per entity in the impact assessment model: one-off EUR 620 (micro), EUR 2,600 (SME), EUR 180,000 (corporate); annual licensing and maintenance EUR 500, EUR 5,000 and EUR 50,000. One-off items: training and onboarding, activation and IT implementation, contracting.",,EUR per entity,one-off and annual,EU-27,estimate,SRC-EC-SWD-2025-837,"Table 5, Annex 4",read,Training uses EUR 33.5 per hour from a 2018 German survey. The corporate IT figure draws on a vendor-commissioned study. The SME and corporate licence figures have no stated market source in the passages read.
CL-COM-02,BC-COMPANY,"Stand-alone services for self-employed persons and sole traders (using their EUDI Wallet instead of a full Business Wallet): estimated annual recurring costs of EUR 45 for the new communications channel, EUR 150-200 for electronic signatures, EUR 350-400 for seals and EUR 235-285 for timestamps, for about 100 items.",45,EUR per year,annual,EU-27,estimate,SRC-EC-SWD-2025-837,"Section 6.1.2, p. 37, footnote 81",read,"The text says ""new communications channel""; reading it as the qualified electronic registered delivery channel is an inference. The price is for self-employed persons and sole traders, not companies."
CL-COM-03,BC-COMPANY,"The impact assessment found a licence price range of EUR 50 to 500 per year for basic wallet functions and a limited volume of transactions, and notes that prices vary with business needs and market dynamics.",,EUR per year,annual,EU-27,estimate,SRC-EC-SWD-2025-837,footnote 163,read,The micro-company figure of EUR 500 is the top of this range.
CL-COM-04,BC-COMPANY,"Per entity, annual maximum direct benefit against annual cost in year 2: micro EUR 4,000 against EUR 500; SME EUR 42,250 against EUR 5,000; corporate EUR 97,300 against EUR 50,000. The benefit values are described as potential maximum annual savings.",,EUR per entity,annual,EU-27,upper-bound,SRC-EC-SWD-2025-837,Tables 5 and 8,read,"The comparison is derived here from two source tables, not stated in the source. The benefit figures are a theoretical upper bound; the ratio is therefore best-case."
CL-COM-05,BC-COMPANY,The impact assessment quotes the EIB Investment Report 2024/2025: regulatory compliance costs account for about 1.8% of turnover for firms and 2.5% for small and mid-size companies.,2.5,percent of turnover,annual,EU,estimate,SRC-EC-SWD-2025-837,"section 4 (approximate), citing EIB Investment Report 2024/2025",read,Primary EIB source not yet checked; value taken as quoted by the Commission.
CL-COM-06,BC-COMPANY,"The impact assessment states that 55% of SMEs flagged administrative burden as their greatest challenge to remaining competitive, citing BusinessEurope 2025.",55,percent of SMEs,survey,EU,estimate,SRC-EC-SWD-2025-837,"pp. 18-19, footnote 42",read,"The cited source is a trade association, not an official statistic. The figure is not in the Call for Evidence, contrary to some secondary reports."
CL-COM-07,BC-COMPANY,"Quoting the EIB Investment Report, the impact assessment states that about 86% of EU firms employ staff specifically for regulatory compliance and 28% of SMEs say more than 10% of their staff manage compliance.",86,percent of firms,survey,EU,estimate,SRC-EC-SWD-2025-837,footnote 43,read,Primary EIB source not yet checked.
CL-COM-08,BC-COMPANY,"The Call for Evidence contains no savings figure and no 55% or turnover-share figure; its only number is a loss of ""near EUR 2 trillion"" in annual global economic value, without a stated source, and it says further research is needed to quantify financial savings.",,,,global,finding,SRC-EC-CFE-2025,full text,read,Several secondary reports attribute the SME burden figures to the Call for Evidence; those attributions are not supported by the document.
CL-COM-09,BC-COMPANY,"The European Council set a 35% SME burden-reduction target in March 2025. The impact assessment says the wallets deliver savings in line with or above that target; its maximum direct benefit at 100% adoption is EUR 200.77 billion per year (EUR 123.35 billion micro, EUR 77.42 billion SMEs).",35,percent,target,EU,upper-bound,SRC-EC-SWD-2025-837,p. 31 (approximate),read,The impact assessment states that the percentage depends on the baseline used.
CL-COM-10,BC-COMPANY,"The impact assessment names barriers for companies: costs fall disproportionately on SMEs and micro firms that lack legal, IT or compliance departments; limited traceability of the EUDI Wallet makes integration with existing business processes (ERP, KYC) difficult; interoperability barriers and paper formalities remain.",,,,EU-27,finding,SRC-EC-SWD-2025-837,section 2 and Annex 4 (approximate),read,
CL-COM-11,BC-COMPANY,"FBI Internet Crime Complaint Center 2024: business email compromise accounted for 21,442 complaints and USD 2,770,151,146 in reported losses; all complaint types together USD 16.6 billion.",2.77,USD bn,2024,USA,fact,SRC-FBI-IC3-2024,BEC section,read,"US data, not EU; no split by company size."
CL-COM-12,BC-COMPANY,"Europol IOCTA 2025 and 2026 name business email compromise and CEO fraud as uses of stolen business data but give no euro loss figure; no EU-level company loss figure from Europol, ECB, EBA or ENISA could be traced.",,,,EU,finding,SRC-EUROPOL-IOCTA-2026,full text search,read,Company-level fraud losses in the EU are not quantified in the sources found.
CL-COM-13,BC-COMPANY,Eurostat: 46.45% of EU enterprises used ERP software applications in 2025.,46.45,percent of enterprises,2025,EU-27,fact,SRC-EUROSTAT-ENT-DIGITAL,ERP section,read,Relevant because ERP integration is the main driver of corporate implementation cost; size-class breakdown not extracted.
CL-COM-14,BC-COMPANY,"The impact assessment does not quantify KYB or supplier onboarding cost per case, time to onboard, the cost of paper or PDF certificate exchange, or key-management cost, and gives no euro figure for company losses from impersonation or invoice fraud.",,,,EU-27,finding,SRC-EC-SWD-2025-837,full text search,read,These items need primary company data or additional official studies.
CL-COM-15,BC-COMPANY,"Evidence from related digitisation: computerised VAT invoicing in China raised VAT payments and productivity among large manufacturers (NBER Working Paper 24414); e-procurement in India and Indonesia improved quality and reduced delays without lower prices (Lewis-Faupel et al. 2016); VAT e-invoicing in Peru increased reported sales and purchases of small firms in the first year (Bellon et al. 2022, effect sizes not extracted).",,,,"China, India, Indonesia, Peru",finding,SRC-NBER-W24414,abstract,read,"None of these studies measures savings from business wallets, e-signatures or verifiable credentials; no peer-reviewed quantification of SME savings from them was found."
CL-ECO-01,BC-ECOSYSTEM,"Full-adoption table in the explanatory memorandum of COM(2025) 838: at 100% adoption by 95,825 public sector bodies and 32,721,957 economic operators, annual benefits of EUR 224.95 billion, costs of EUR 67.99 billion in year 1 and EUR 28.38 billion in year 2, net benefits of EUR 156.96 billion in year 1 and EUR 196.57 billion in year 2.",224.95,EUR bn,"per year, full adoption",EU-27,upper-bound,SRC-EBW-PROPOSAL,"explanatory memorandum, cost-benefit table (approximate p. 9)",read,"Full adoption by everyone is not a forecast; the memorandum states that net benefits depend on usage. Overlaps with the sector estimates below, which count the same processes; do not add them."
CL-ECO-02,BC-ECOSYSTEM,Digital Product Passport: the Commission estimates the cost of setting up the central European digital product passport registry at around EUR 8 million one-off and at least EUR 1 million per year for maintenance.,8,EUR m,"one-off, plus EUR 1 m per year",EU,estimate,SRC-ESPR-IA-ANNEX,cost-benefit table (approximate pp. 108-110),read,"Public cost, not the cost for businesses; the annex states that business costs depend on the product-specific measures."
CL-ECO-03,BC-ECOSYSTEM,"Digital Product Passport: the impact assessment estimates the additional costs of a further 30 product-specific sustainability measures at EUR 30 to 60 billion per year when fully incurred, and says benefits are likely to be larger.",,EUR bn,per year when fully incurred,EU,estimate,SRC-ESPR-IA-ANNEX,approximate p. 108,read,"Covers all sustainable-product requirements, not the passport alone. No official quantification of the passport compliance cost per company was found."
CL-ECO-04,BC-ECOSYSTEM,"Data spaces and data contracts: the Digital Omnibus staff working document models savings of about EUR 1 billion from re-negotiating at least 100,000 contracts at an average cost of about EUR 10,000, and cites a study that large firms spend around EUR 1 million per year on data-management agreements.",1,EUR bn,one-off,EU,estimate,SRC-SWD-2025-836,data section,read,About data-contract rules rather than organisation identity; included as the closest official quantification for data-space participation.
CL-ECO-05,BC-ECOSYSTEM,"Data Act impact assessment, as summarised secondarily: additional GDP of about EUR 270 billion by 2028, of which up to EUR 196.7 billion per year from data access and EUR 7.1 billion per year from cloud switching.",270,EUR bn,by 2028,EU,estimate,SRC-SWD-2022-34,summary only,snippet,Not read in the original; the same source calls a related stakeholder cost estimate a considerable overestimation.
CL-ECO-06,BC-ECOSYSTEM,"No official, quantified cost of KYB, supplier qualification or onboarding into a data space was found. Subsidy caps in a Catena-X programme (up to EUR 15,000 for onboarding) are programme material, not measured costs.",,,,EU,finding,SRC-SWD-2025-836,search,read,Needs primary data from participants or an additional official study.
CL-ECO-07,BC-ECOSYSTEM,"Customs: the impact assessment puts economic operators' cost of complying with customs formalities in the EU at EUR 27.4 billion per year; the preferred option yields savings of EUR 40 billion over 15 years (average EUR 2.67 billion per year), or EUR 27 billion net after offsetting extra duties, excluding IT-cost savings that could not be quantified.",27.4,EUR bn,per year baseline; 15-year savings,EU-27,estimate,SRC-SWD-2023-140,"approximate pp. 51, 180, 225",read,15-year horizon; the Data Hub costs are modelled separately.
CL-ECO-08,BC-ECOSYSTEM,"Trade documents: an OECD analysis associates a 10% improvement in trade-facilitation indicators in four areas, including automation and streamlined documentation, with 18% higher global exports (37% with domestic regulatory reforms), and cites UNESCAP for a 0.8% reduction in trade costs per 10% increase in paperless-trade reform implementation.",18,percent of exports,association,global,estimate,SRC-OECD-TPP-297,abstract and main text,read,The paper stresses that process streamlining has to come before digitalisation.
CL-ECO-09,BC-ECOSYSTEM,"E-invoicing and VAT (ViDA impact assessment): e-invoicing-related savings of EUR 1.9 billion (lower option) to EUR 14.5 billion (maximal option); for digital reporting requirements, option 4a has costs of EUR 13.5 billion, benefits of EUR 152.4 billion and net EUR 138.9 billion, option 4b costs of EUR 46.9 billion, benefits of EUR 278.1 billion and net EUR 231.1 billion.",138.9,EUR bn,"net, option 4a",EU-27,estimate,SRC-SWD-2022-393,one-in-one-out table; cost-benefit table (approximate p. 56),read,"Time basis of the e-invoicing table not checked; options are policy designs, not adoption levels."
CL-ECO-10,BC-ECOSYSTEM,The ViDA impact assessment cites a VAT gap of EUR 134 billion and about EUR 40 to 60 billion of VAT fraud as the fiscal rationale for stronger verification of businesses.,134,EUR bn,per year,EU,fact,SRC-SWD-2022-393,approximate lines 398-399,read,"Context for the value of reliable business identification, not a saving attributable to wallets."
CL-ECO-11,BC-ECOSYSTEM,"Reporting obligations: the Digital Omnibus expects at least EUR 5 billion of administrative cost savings for businesses by 2029 and EUR 1 billion for public authorities, with up to EUR 1.34 billion per year recurring and EUR 1.04 billion one-off quantified for businesses.",5,EUR bn,by 2029,EU,estimate,SRC-SWD-2025-836,summary and conclusion sections,read,These are Omnibus savings and are not the wallet savings; the press release keeps the two figures apart.
CL-ECO-12,BC-ECOSYSTEM,"Single entry point for incident reports (NIS2, DORA and other acts): about EUR 440 per incident (12 staff hours), 1.18 incidents per entity per year, at least 160,000 NIS2 entities; total reporting cost EUR 83.07 million per year and savings of about EUR 41.5 million per year, a lower bound that excludes GDPR. The Omnibus describes the single entry point as interoperable with European Business Wallets and names it as one use case for them.",41.5,EUR m,per year,EU,lower-bound,SRC-SWD-2025-836,reporting section,read,"The SME Panel put the overall cost of reporting an incident at EUR 500 to 35,000; stakeholders could not produce a quantified estimate. ENISA development cost about EUR 6 million."
CL-ECO-13,BC-ECOSYSTEM,"Academic context: a major economics survey finds that digitisation lowers the costs of search, replication, transport, tracking and verification; a qualitative study of traceability identifies capability, collaboration, technology maturity, governance and leadership as success factors; a cost-profit model for digital product passports has been applied to battery repurposing.",,,,general,finding,SRC-GOLDFARB-TUCKER-2019,survey,snippet,Summaries taken from citation data and search results; none estimates the value of organisation identity. Verify against the papers before relying on them.
