id,title,issuer,class,version,date,url,retrieved,verification
SRC-CX-HOME,Catena-X home page,Catena-X Automotive Network Association,ecosystem-specification,,,https://catena-x.net/en/,2026-10-03,read
SRC-CX-CHANGELOG,Catena-X standards changelog (CX-Neptune preview),Catena-X Automotive Network Association,ecosystem-specification,preview,,https://catenax-ev.github.io/docs/next/standards/changelog,2026-10-03,read
SRC-CX-0018,CX-0018 Dataspace Connectivity,Catena-X Automotive Network Association,ecosystem-specification,v4.3.0 (preview),,https://catenax-ev.github.io/docs/next/standards/CX-0018-DataspaceConnectivity,2026-10-03,read
SRC-CX-0049,CX-0049 DID Document Schema,Catena-X Automotive Network Association,ecosystem-specification,v2.3.0 (preview),,https://catenax-ev.github.io/docs/next/standards/CX-0049-DIDDocumentSchema,2026-10-03,read
SRC-CX-0006,CX-0006 Registration and Initial Onboarding,Catena-X Automotive Network Association,ecosystem-specification,v2.1.0 (preview),,https://catenax-ev.github.io/docs/next/standards/CX-0006-RegistrationAndInitialOnboarding,2026-10-03,read
SRC-CX-SSI-CALL,Call for the Expert Group Self-Sovereign Identity (SSI) / Digital Identity,Catena-X Automotive Network Association,ecosystem-specification,,2026,https://catena-x.net/news/apply-now-expert-group-self-sovereign-identity-ssi-digital-identity/,2026-10-03,read
SRC-MX-WP,Whitepaper Manufacturing-X,Plattform Industrie 4.0 Task Force Manufacturing-X / BMWK,official,,2022-11,https://www.plattform-i40.de/IP/Redaktion/DE/Downloads/Publikation/Manufacturing-X_lang.pdf?__blob=publicationFile&v=6,2026-10-03,read
SRC-MX-TALK15,"MX-Talk, Edition 24_10, The Industrial Data Ecosystem Manufacturing-X",Plattform Industrie 4.0,official,,2024-12-05,https://www.plattform-i40.de/IP/Redaktion/DE/Downloads/Publikation/MX-Talk15.pdf?__blob=publicationFile&v=1,2026-10-03,read
SRC-FX-HOME,Factory-X home page,Factory-X consortium,ecosystem-specification,,,https://factory-x.org/,2026-10-03,read
SRC-FX-LEO,MX-Port Leo Specification,Factory-X consortium,ecosystem-specification,v1.0,2026-06-09,https://factory-x.org/wp-content/uploads/MX-Port-Leo-Specification-v1.0.pdf,2026-10-03,read
SRC-FX-0097,"Factory-X Cross Cutting Roles Team, Governance MX-Port configuration ""Leo"" (FX-0097)",Factory-X consortium,ecosystem-specification,,2026-02-04,https://factory-x.org/wp-content/uploads/FX-0097-CCRT-Governance-MX-Port-Leo-20.pdf,2026-10-03,read
SRC-FX-APPGUIDE,Factory-X Use Cases Application Guide,Factory-X consortium,ecosystem-specification,V1.4,2025-05-14,https://factory-x.org/wp-content/uploads/Factory-X-Application-Guide.pdf,2026-10-03,read
SRC-EDX-HOME,energy data-X project site,energy data-X consortium,ecosystem-specification,,,https://www.energydata-x.eu/en/,2026-10-03,read
SRC-EDX-PR2023,"Press release, energy data-X funded by the Federal Government",energy data-X consortium,ecosystem-specification,,2023-10-04,https://www.energydata-x.eu/en/2023/10/04/datenoekosystem-energy-data-x-wird-durch-bundesregierung-gefoerdert/,2026-10-03,read
SRC-EDX-MXTALK,"MX-Talk Edition 25_7, energy data-X (TenneT)",Plattform Industrie 4.0 / TenneT,official,,2025-07-03,https://www.plattform-i40.de/IP/Redaktion/DE/Downloads/Publikation/MX-Talk21-energydataX.pdf?__blob=publicationFile&v=3,2026-10-03,read
SRC-FEL-2026,First exchange of energy data between data spaces (Re4DE and energy data-X),dena Future Energy Lab,ecosystem-specification,,2026-06-11,https://future-energy-lab.de/news/erstmals-energiedaten-zwischen-datenraeumen-ausgetauscht/,2026-10-03,read
SRC-CIRPASS2-HOME,CIRPASS-2 project site,CIRPASS-2 consortium (coordinator CEA-List),ecosystem-specification,,,https://cirpass2.eu/,2026-10-03,read
SRC-CIRPASS2-ABOUT,"CIRPASS-2, About",CIRPASS-2 consortium,ecosystem-specification,,,https://cirpass2.eu/about/,2026-10-03,read
SRC-CIRPASS2-PILOTS,"CIRPASS-2, Lighthouse pilots",CIRPASS-2 consortium,ecosystem-specification,,,https://cirpass2.eu/lighthouse-pilots/,2026-10-03,read
SRC-CIRPASS1-D32,CIRPASS D3.2 DPP System Architecture,CIRPASS consortium (predecessor project),ecosystem-specification,v1.9,2024-05,https://cirpassproject.eu/wp-content/uploads/2024/06/D3.2v1.9.pdf,2026-10-03,snippet
SRC-WEBUILD-SITE,WE BUILD consortium website,WE BUILD consortium,ecosystem-specification,,,https://www.webuildconsortium.eu/,2026-10-03,read
SRC-WEBUILD-ARCH,"WE BUILD consortium architecture repository (blueprint D4.1, ADRs, conformance specs)",WE BUILD consortium,ecosystem-specification,"main, commit 8fcfea0",2026-02-20,https://github.com/webuild-consortium/architecture,2026-10-03,read
SRC-WEBUILD-RB,WE BUILD attestation rulebooks catalog,WE BUILD consortium,ecosystem-specification,"main, commit de79cca (v1.0)",2026-08-09,,2026-10-03,read
SRC-OID2025,"Towards the European Business Wallet (T. Hühnlein, D. Hühnlein, S. Schwalm, C. Stöcker)",Open Identity Summit 2025,paper,,,https://doi.org/10.18420/oid2025_09,,snippet
SRC-EIDAS-CONSOL,"Regulation (EU) No 910/2014 (eIDAS), consolidated text as amended by Regulation (EU) 2024/1183","European Union (EUR-Lex consolidated version, documentation tool without legal effect)",official,consolidated 2024-10-18,,https://eur-lex.europa.eu/eli/reg/2014/910/2024-10-18/eng/pdf,2026-10-03,read
SRC-EBW-PROPOSAL,"Proposal for a Regulation on European Business Wallets, COM(2025) 838 final",European Commission,official,"COM(2025) 838 final (proposal, procedure 2025/0358(COD))",2025-11-19,https://eur-lex.europa.eu/legal-content/EN/TXT/?uri=celex:52025PC0838,2026-10-03,read
SRC-ETSI-119612,"ETSI TS 119 612, Electronic Signatures and Trust Infrastructures (ESI); Trusted Lists",ETSI,standard,V2.4.1,2025-08,https://www.etsi.org/deliver/etsi_ts/119600_119699/119612/02.04.01_60/ts_119612v020401p.pdf,2026-10-03,read
SRC-ETSI-119602,"ETSI TS 119 602, Electronic Signatures and Trust Infrastructures (ESI); Lists of trusted entities (LoTE); Data model",ETSI,standard,V1.1.1,2025-11,https://www.etsi.org/deliver/etsi_ts/119600_119699/119602/01.01.01_60/ts_119602v010101p.pdf,2026-10-03,read
SRC-ARF-TRUST,"EUDI Wallet Architecture and Reference Framework, chapter 6 Trust model (published at eudi.dev)",European Commission and Member States (EUDI Wallet toolbox),official,ARF v3.0.0,2026-07-21,https://eudi.dev/latest/main/06-trust-model/,2026-10-03,read
SRC-EC-IP-25-2718,Press release IP/25/2718: Simpler EU digital rules and new digital wallets to save billions for businesses and boost innovation,European Commission,official,,2025-11-19,https://ec.europa.eu/commission/presscorner/api/files/document/print/en/ip_25_2718/IP_25_2718_EN.pdf,2026-10-03,read
SRC-EC-SWD-2025-837,"Commission Staff Working Document, Impact Assessment accompanying COM(2025) 838 final, SWD(2025) 837 final",European Commission,official,,2025-11-19,https://ec.europa.eu/transparency/documents-register/api/files/SWD(2025)837_0/090166e5258f2ae9?rendition=false,2026-10-03,read
SRC-EC-DIGITAL-PACKAGE-FAQ,Digital Package: questions and answers,European Commission,official,,,https://digital-strategy.ec.europa.eu/en/faqs/digital-package,2026-10-03,read
SRC-COUNCIL-ST-9684-26,Council document ST 9684/26 (general approach note on European Business Wallets),Council of the European Union,official,,2026-06-02,https://data.consilium.europa.eu/doc/document/ST-9684-2026-INIT/en/pdf,2026-10-03,read
SRC-COUNCIL-ST-7659-26,Council document ST 7659/26,Council of the European Union,official,,2026-05-22,https://data.consilium.europa.eu/doc/document/ST-7659-2026-INIT/en/pdf,2026-10-03,read
SRC-PLOS-CHEN-2024,"Chen, Wang, Gan, Gui (2024): The effect of digital government on corporate total factor productivity. PLOS ONE. DOI 10.1371/journal.pone.0308093",PLOS ONE (peer-reviewed journal),academic,,2024,https://doi.org/10.1371/journal.pone.0308093,2026-10-03,read
SRC-EC-CFE-2025,"Call for Evidence for an Impact Assessment: European Business Wallet, Ares(2025)3928207",European Commission (DG CNCT),official,,2025-05-15,https://eur-lex.europa.eu/legal-content/EN/TXT/PDF/?uri=PI_COM:Ares(2025)3928207,2026-10-03,read
SRC-FBI-IC3-2024,"FBI Internet Crime Complaint Center, 2024 Internet Crime Report",FBI IC3 (US federal authority),official,,2025,https://www.ic3.gov/AnnualReport/Reports/2024_IC3Report.pdf,2026-10-03,read
SRC-EUROPOL-IOCTA-2025,"Europol IOCTA 2025: Steal, Deal and Repeat",Europol,official,,2025,https://www.europol.europa.eu/cms/sites/default/files/documents/Steal-deal-repeat-IOCTA_2025.pdf,2026-10-03,read
SRC-EUROPOL-IOCTA-2026,Europol IOCTA 2026,Europol,official,,2026,https://www.europol.europa.eu/cms/sites/default/files/documents/IOCTA-2026.pdf,2026-10-03,read
SRC-EUROSTAT-ENT-DIGITAL,"Eurostat Statistics Explained: Digital economy and society statistics, enterprises",Eurostat,official,,,https://ec.europa.eu/eurostat/statistics-explained/index.php?title=Digital_economy_and_society_statistics_-_enterprises,2026-10-03,read
SRC-NBER-W24414,"Fan, Liu, Qian, Wen: Computerizing VAT Invoices in China. NBER Working Paper 24414",NBER,academic,,2018,https://doi.org/10.3386/w24414,2026-10-03,read
SRC-LEWIS-FAUPEL-2016,"Lewis-Faupel, Neggers, Olken, Pande: Can Electronic Procurement Improve Infrastructure Provision? American Economic Journal: Economic Policy 8(3)",American Economic Association (peer-reviewed journal),academic,,2016,https://doi.org/10.1257/pol.20140258,2026-10-03,read
SRC-BELLON-2022,"Bellon, Dabla-Norris, Khalid, Lima: Digitalization to improve tax compliance, VAT e-invoicing in Peru. Journal of Public Economics",Elsevier (peer-reviewed journal),academic,,2022,https://doi.org/10.1016/j.jpubeco.2022.104661,2026-10-03,snippet
SRC-ESPR-IA-ANNEX,Impact assessment annex for the Ecodesign for Sustainable Products Regulation proposal (Council document 7854/22 ADD 5; SWD(2022) 82),European Commission / Council of the EU,official,,2022-04-04,https://data.consilium.europa.eu/doc/document/ST-7854-2022-ADD-5/en/pdf,2026-10-03,read
SRC-SWD-2025-836,"Commission Staff Working Document, Digital Omnibus, SWD(2025) 836 final",European Commission,official,,2025-11-19,https://cdn.lawreportgroup.com/acuris/files/Law-Report-Group-Files-New/EC%20digital%20omnibus%20proposal.pdf,2026-10-03,read
SRC-SWD-2022-393,"Impact assessment, VAT in the Digital Age (ViDA), SWD(2022) 393",European Commission,official,,2022-12-08,https://eur-lex.europa.eu/legal-content/EN/TXT/PDF/?uri=CELEX:52022SC0393,2026-10-03,read
SRC-SWD-2023-140,"Impact assessment, EU customs reform, SWD(2023) 140",European Commission,official,,2023-05-17,https://eur-lex.europa.eu/legal-content/EN/TXT/PDF/?uri=CELEX%3A52023SC0140,2026-10-03,read
SRC-OECD-TPP-297,OECD Trade Policy Paper No. 297: The digitalisation of trade documents and processes,OECD,academic,,2025-09,https://www.oecd.org/content/dam/oecd/en/publications/reports/2025/09/the-digitalisation-of-trade-documents-and-processes_de6a03e9/64872f25-en.pdf,2026-10-03,read
SRC-SWD-2022-34,"Impact assessment, Data Act, SWD(2022) 34",European Commission,official,,2022-02-23,https://eur-lex.europa.eu/legal-content/EN/TXT/?uri=SWD:2022:34:FIN,2026-10-03,snippet
SRC-GOLDFARB-TUCKER-2019,"Goldfarb, Tucker: Digital Economics. Journal of Economic Literature 57(1), 3-43",American Economic Association (peer-reviewed journal),academic,,2019,https://doi.org/10.1257/jel.20171452,2026-10-03,snippet
SRC-HASTIG-SODHI-2020,"Hastig, Sodhi: Blockchain for Supply Chain Traceability, Business Requirements and Critical Success Factors. Production and Operations Management 29(4)",Wiley (peer-reviewed journal),academic,,2020,https://doi.org/10.1111/poms.13147,2026-10-03,snippet
SRC-WALDEN-2021,"Walden, Steinbrecher, Marinkovic: Digital Product Passports as Enabler of the Circular Economy. Chemie Ingenieur Technik 93(11)",Wiley (peer-reviewed journal),academic,,2021,https://doi.org/10.1002/cite.202100121,2026-10-03,snippet
SRC-EC-ID-2015-1505,Commission Implementing Decision (EU) 2015/1505 of 8 September 2015 on technical specifications and formats relating to trusted lists pursuant to Article 22(5) of Regulation (EU) No 910/2014,European Commission,official,,2015-09-08,https://eur-lex.europa.eu/legal-content/EN/TXT/?uri=CELEX:32015D1505,2026-10-03,read
SRC-GDPR,Regulation (EU) 2016/679 (GDPR),European Union,official,OJ original text,2016-04-27,https://eur-lex.europa.eu/eli/reg/2016/679/oj,2026-10-03,read
SRC-NIS2,Directive (EU) 2022/2555 (NIS 2),European Union,official,OJ original text,2022-12-14,https://eur-lex.europa.eu/eli/dir/2022/2555/oj,2026-10-03,read
SRC-DORA,Regulation (EU) 2022/2554 (DORA),European Union,official,OJ original text,2022-12-14,https://eur-lex.europa.eu/eli/reg/2022/2554/oj,2026-10-03,read
SRC-CRA,Regulation (EU) 2024/2847 (Cyber Resilience Act),European Union,official,OJ original text,2024-10-23,https://eur-lex.europa.eu/eli/reg/2024/2847/oj,2026-10-03,read
SRC-AIACT,Regulation (EU) 2024/1689 (AI Act),European Union,official,OJ original text,2024-06-13,https://eur-lex.europa.eu/eli/reg/2024/1689/oj,2026-10-03,read
SRC-DATAACT,Regulation (EU) 2023/2854 (Data Act),European Union,official,OJ original text,2023-12-13,https://eur-lex.europa.eu/eli/reg/2023/2854/oj,2026-10-03,read
SRC-CIR-2024-2977,Commission Implementing Regulation (EU) 2024/2977 (person identification data and electronic attestations of attributes issued to EUDI Wallets),European Commission,official,OJ L 2024/2977,2024-12-04,https://eur-lex.europa.eu/eli/reg_impl/2024/2977/oj,2026-10-03,read
SRC-CIR-2024-2979,Commission Implementing Regulation (EU) 2024/2979 (integrity and core functionalities of EUDI Wallets),European Commission,official,OJ L 2024/2979,2024-12-04,https://eur-lex.europa.eu/eli/reg_impl/2024/2979/oj,2026-10-03,read
SRC-CIR-2024-2980,Commission Implementing Regulation (EU) 2024/2980 (notifications to the Commission concerning the EUDI Wallet ecosystem),European Commission,official,OJ L 2024/2980,2024-12-04,https://eur-lex.europa.eu/eli/reg_impl/2024/2980/oj,2026-10-03,read
SRC-CIR-2024-2981,Commission Implementing Regulation (EU) 2024/2981 (certification of EUDI Wallets),European Commission,official,OJ L 2024/2981,2024-12-04,https://eur-lex.europa.eu/eli/reg_impl/2024/2981/oj,2026-10-03,read
SRC-CIR-2024-2982,Commission Implementing Regulation (EU) 2024/2982 (protocols and interfaces of the European Digital Identity Framework),European Commission,official,OJ L 2024/2982,2024-12-04,https://eur-lex.europa.eu/eli/reg_impl/2024/2982/oj,2026-10-03,read
SRC-CIR-2025-848,Commission Implementing Regulation (EU) 2025/848 (registration of wallet-relying parties),European Commission,official,OJ L 2025/848; applies from 2026-12-24,2025-05-06,https://eur-lex.europa.eu/eli/reg_impl/2025/848/oj,2026-10-03,read
SRC-CIR-2025-1569,Commission Implementing Regulation (EU) 2025/1569 (attestations of attributes),European Commission,official,OJ L 2025/1569; Articles 6-9 apply from 2026-08-19,2025-07-29,https://eur-lex.europa.eu/eli/reg_impl/2025/1569/oj,2026-10-03,read
SRC-CIR-2025-1944,Commission Implementing Regulation (EU) 2025/1944 (qualified electronic registered delivery services),European Commission,official,OJ L 2025/1944,2025-09-29,https://eur-lex.europa.eu/eli/reg_impl/2025/1944/oj,2026-10-03,read
SRC-ARF-HLR,"EUDI Wallet ARF, Annex 2.02 High-level requirements by topic (eudi.dev rendering)",European Commission and Member States,standard,ARF 3.0.0 (as rendered at /latest/),,https://eudi.dev/latest/annexes/annex-2/annex-2.02-high-level-requirements-by-topic/,2026-10-03,read
SRC-CIR-2026-1731,"Commission Implementing Regulation (EU) 2026/1731 of 15 July 2026 amending Implementing Regulations (EU) 2024/2977, (EU) 2024/2979, (EU) 2024/2980 and (EU) 2024/2982 as regards applicable standards and specifications",European Commission,official,OJ 22.7.2026,2026-07-22,https://eur-lex.europa.eu/eli/reg_impl/2026/1731/oj,2026-10-03,read
SRC-ETSI-119472-1,ETSI TS 119 472-1 Profiles for Electronic Attestations of Attributes; Part 1: General requirements,ETSI,standard,V1.2.1,2026-02,https://www.etsi.org/standards,2026-10-03,read
SRC-EUDI-TS11,EUDI Wallet Technical Specification 11: catalogue of attributes and attestation schemas,European Commission (EUDI Wallet toolbox),official,v1.0.1,2026-01-30,https://github.com/eu-digital-identity-wallet/eudi-doc-standards-and-technical-specifications,2026-10-03,read
SRC-VCDM-2.0,"Verifiable Credentials Data Model v2.0, W3C Recommendation",W3C,standard,2.0,2025-05-15,https://www.w3.org/TR/vc-data-model-2.0/,2026-10-03,read
SRC-RFC-9901,RFC 9901: Selective Disclosure for JSON Web Tokens (SD-JWT),IETF,standard,RFC 9901,2025-11,https://www.rfc-editor.org/rfc/rfc9901.html,2026-10-03,read
SRC-IETF-SDJWT-VC,"SD-JWT-based Verifiable Credentials (SD-JWT VC), Internet-Draft",IETF OAuth Working Group,standard,draft-ietf-oauth-sd-jwt-vc-19,2026-08-31,https://datatracker.ietf.org/doc/draft-ietf-oauth-sd-jwt-vc/,2026-10-03,read
SRC-IDTA-AAS-P1,"Specification of the Asset Administration Shell, Part 1: Metamodel (IDTA-01001-3-0-2)",Industrial Digital Twin Association,ecosystem-specification,V3.0.2,2025-03,https://industrialdigitaltwin.org/wp-content/uploads/2025/03/IDTA-01001-3-0-2_SpecificationAssetAdministrationShell_Part1_Metamodel.pdf,2026-10-03,read
SRC-DCP,Decentralized Claims Protocol (DCP) v1.0,Eclipse Dataspace Working Group,standard,v1.0,2026,https://eclipse-dataspace-dcp.github.io/decentralized-claims-protocol/,2026-10-03,read
SRC-MCP-AUTH,Model Context Protocol Specification: Authorization,"Model Context Protocol project (Linux Foundation / Agentic AI Foundation), modelcontextprotocol.io",ecosystem-specification,Protocol revision 2026-07-28 (latest),2026-07-28,https://modelcontextprotocol.io/specification/latest/basic/authorization,2026-10-03,read
SRC-MCP-SEC,Model Context Protocol Specification: Security Best Practices,"Model Context Protocol project, modelcontextprotocol.io",ecosystem-specification,Protocol revision 2026-07-28 (latest),2026-07-28,https://modelcontextprotocol.io/specification/latest/basic/security_best_practices,2026-10-03,read
SRC-MCP-TOOLS,Model Context Protocol Specification: Tools,"Model Context Protocol project, modelcontextprotocol.io",ecosystem-specification,Protocol revision 2026-07-28 (latest),2026-07-28,https://modelcontextprotocol.io/specification/latest/server/tools,2026-10-03,read
SRC-A2A,Agent2Agent (A2A) Protocol Specification,"A2A project (a2a-protocol.org, github.com/a2aproject/A2A)",ecosystem-specification,1.0.0 (latest released),2026-10-03,https://a2a-protocol.org/latest/specification/,2026-10-03,read
SRC-OIDF-AGENTIC,"Identity Management for Agentic AI (whitepaper, non-normative)","OpenID Foundation, AI Identity Management Community Group",ecosystem-specification,"October 2025 whitepaper (informative, not a normative standard)",2025-10,https://openid.net/wp-content/uploads/2025/10/Identity-Management-for-Agentic-AI.pdf,2026-10-03,read
SRC-WIMSE-ARCH,Workload Identity in a Multi System Environment (WIMSE) Architecture,IETF WIMSE Working Group,standard,"draft-ietf-wimse-arch-08 (Internet-Draft, work in progress)",2026-07-06,https://datatracker.ietf.org/doc/draft-ietf-wimse-arch/,2026-10-03,read
SRC-RFC-8693,RFC 8693 OAuth 2.0 Token Exchange,IETF,standard,RFC 8693,2020-01,https://www.rfc-editor.org/rfc/rfc8693,2026-10-03,read
SRC-RFC-9396,RFC 9396 OAuth 2.0 Rich Authorization Requests,IETF,standard,RFC 9396,2023-05,https://www.rfc-editor.org/rfc/rfc9396,2026-10-03,read
SRC-RFC-9449,RFC 9449 OAuth 2.0 Demonstrating Proof of Possession (DPoP),IETF,standard,RFC 9449,2023-09,https://www.rfc-editor.org/rfc/rfc9449,2026-10-03,read
SRC-W3C-AIAP-ID,AI Agent Protocol CG: Agent Identity and HTTP Authentication (draft),W3C AI Agent Protocol Community Group (not a W3C Recommendation-track standard),ecosystem-specification,"Community Group draft, no version stated",2026-10-03,https://w3c-cg.github.io/ai-agent-protocol/agent-identity.html,2026-10-03,read
SRC-AP2,"Agent Payments Protocol (AP2) specification, Agent Authorization framework, Payment Mandate and Security and Privacy Considerations pages",Google and AP2 community (ap2-protocol.org),ecosystem-specification,v0.2 (specification page; Checkout Mandate and open/closed Payment Mandate model; the earlier Intent Mandate and Cart Mandate terms were not found in this version),2026,https://ap2-protocol.org/ap2/specification/,2026-10-03,read
SRC-RFC-9635,RFC 9635: Grant Negotiation and Authorization Protocol (GNAP),IETF,standard,RFC 9635,2024-10,https://www.rfc-editor.org/rfc/rfc9635.html,2026-10-03,read
SRC-RFC-7800,RFC 7800: Proof-of-Possession Key Semantics for JSON Web Tokens (JWTs),IETF,standard,RFC 7800,2016-04,https://www.rfc-editor.org/rfc/rfc7800.html,2026-10-03,read
SRC-IETF-IDENTITY-CHAINING,"OAuth Identity and Authorization Chaining Across Domains, Internet-Draft",IETF OAuth Working Group,standard,draft-ietf-oauth-identity-chaining-17,2026-07,https://datatracker.ietf.org/doc/draft-ietf-oauth-identity-chaining/,2026-10-03,read
SRC-DIR-2025-25,Directive (EU) 2025/25 amending Directives 2009/102/EC and (EU) 2017/1132 as regards further expanding and upgrading the use of digital tools and processes in company law,"European Union (OJ L, 10.1.2025, CELEX 32025L0025)",official,OJ original text (Article 16c of Directive 2017/1132 as inserted),2024-12-19,https://eur-lex.europa.eu/eli/dir/2025/25/oj,2026-10-03,read
SRC-IEA,Regulation (EU) 2024/903 (Interoperable Europe Act),"European Union (OJ L, 22.3.2024, CELEX 32024R0903)",official,OJ original text,2024-03-13,https://eur-lex.europa.eu/eli/reg/2024/903/oj,2026-10-03,read
SRC-ESPR,Regulation (EU) 2024/1781 (Ecodesign for Sustainable Products Regulation),"European Union (OJ L, 28.6.2024, CELEX 32024R1781)",official,OJ original text,2024-06-13,https://eur-lex.europa.eu/eli/reg/2024/1781/oj,2026-10-03,read
SRC-REC-2024-1101,Commission Recommendation (EU) 2024/1101 on a Coordinated Implementation Roadmap for the transition to Post-Quantum Cryptography,European Commission (OJ L,official,OJ original text (non-binding Recommendation),2024-04-11,https://eur-lex.europa.eu/eli/reco/2024/1101/oj,2026-10-03,read
SRC-NISCG-PQC-ROADMAP,"A Coordinated Implementation Roadmap for the Transition to Post-Quantum Cryptography, Part 1",NIS Cooperation Group,official,"Part 1, Version 1.1 (non-binding)",2025-06-11,https://ec.europa.eu/newsroom/dae/redirection/document/117507,2026-10-03,read
SRC-ECCG-ACM-V2,"Agreed Cryptographic Mechanisms, Version 2.0",European Cybersecurity Certification Group,official,2.0,2025-04,https://certification.enisa.europa.eu/publications/eucc-guidelines-cryptography_en,2026-10-03,read
SRC-ETSI-TS-119312,ETSI TS 119 312 Electronic Signatures and Trust Infrastructures (ESI); Cryptographic Suites,ETSI,standard,V1.5.1,2024-12,https://www.etsi.org/deliver/etsi_ts/119300_119399/119312/01.05.01_60/ts_119312v010501p.pdf,2026-10-03,read
SRC-ETSI-EN-319401,ETSI EN 319 401 Electronic Signatures and Trust Infrastructures (ESI); General Policy Requirements for Trust Service Providers,ETSI,standard,V3.1.1,2024-06,https://www.etsi.org/deliver/etsi_en/319400_319499/319401/03.01.01_60/en_319401v030101p.pdf,2026-10-03,read
SRC-ETSI-EN-319411-1,ETSI EN 319 411-1 Policy and security requirements for Trust Service Providers issuing certificates; Part 1: General requirements,ETSI,standard,V1.5.1,2025-04,https://www.etsi.org/deliver/etsi_en/319400_319499/31941101/01.05.01_60/en_31941101v010501p.pdf,2026-10-03,read
SRC-DORA-RTS-1774,"Commission Delegated Regulation (EU) 2024/1774 (ICT risk management framework, RTS under DORA)",European Union (OJ L,official,OJ original text,2024-03-13,https://eur-lex.europa.eu/eli/reg_del/2024/1774/oj,2026-10-03,read
SRC-CIR-2015-1502,Commission Implementing Regulation (EU) 2015/1502 on minimum technical specifications and procedures for assurance levels for electronic identification means,"European Commission (OJ L 235, 9.9.2015)",official,OJ original text,2015-09-08,https://publications.europa.eu/resource/celex/32015R1502,2026-10-03,read
SRC-CIR-2021-1042,"Commission Implementing Regulation (EU) 2021/1042 on technical specifications and procedures for the system of interconnection of registers (BRIS), incl. EUID structure","European Commission (OJ L 225, 25.6.2021)",official,OJ original text,2021-06-18,https://publications.europa.eu/resource/celex/32021R1042,2026-10-03,read
SRC-DIR-2017-1132,"Directive (EU) 2017/1132 relating to certain aspects of company law (Article 16 unique identifier, Article 22 BRIS)","European Union (OJ L 169, 30.6.2017)",official,OJ original text (before amendment by Directive (EU) 2025/25),2017-06-14,https://publications.europa.eu/resource/celex/32017L1132,2026-10-03,partly-read
SRC-CIR-2015-2447,Commission Implementing Regulation (EU) 2015/2447 laying down detailed rules for the Union Customs Code (EORI Articles 6-7),"European Commission (OJ L 343, 29.12.2015)",official,OJ original text,2015-11-24,https://publications.europa.eu/resource/celex/32015R2447,2026-10-03,partly-read
SRC-CIR-2022-1860,Commission Implementing Regulation (EU) 2022/1860 on reporting under EMIR (ISO 17442 LEI use),"European Commission (OJ L 262, 7.10.2022)",official,OJ original text,2022-06-10,https://publications.europa.eu/resource/celex/32022R1860,2026-10-03,partly-read
SRC-ETSI-EN-319412-1,"ETSI EN 319 412-1 V1.5.1 Certificate profiles; overview and common data structures (clause 5.1.4 legal person semantics identifier, LEI)",ETSI,standard,V1.5.1,2023-09,https://www.etsi.org/deliver/etsi_en/319400_319499/31941201/01.05.01_60/en_31941201v010501p.pdf,2026-10-03,partly-read
SRC-GLEIF-LEI,GLEIF - The Legal Entity Identifier (LEI),Global Legal Entity Identifier Foundation (GLEIF),ecosystem-specification,web page retrieved 2026-10-03,,https://www.gleif.org/en/organizational-identity/lei-vlei/the-legal-entity-identifier-lei,2026-10-03,read
SRC-GLEIF-VLEI,GLEIF - The verifiable LEI (vLEI) page,GLEIF,ecosystem-specification,web page retrieved 2026-10-03,,https://www.gleif.org/en/organizational-identity/lei-vlei/the-verifiable-lei-vlei,2026-10-03,read
SRC-GLEIF-VLEI-QA,GLEIF vLEI Q&A v1.2,GLEIF,ecosystem-specification,1.2,2023-08-30,https://www.gleif.org/organizational-identity/lei-vlei/the-verifiable-lei-vlei/2023-08-30_vlei-q-a-updated_v1.2_final.pdf,2026-10-03,partly-read
SRC-GLEIF-VLEI-INTRO,"GLEIF - The vLEI, Introducing Digital I.D. for Organizations Everywhere v2.3",GLEIF,ecosystem-specification,2.3,2024-11-18,https://www.gleif.org/organizational-identity/lei-vlei/the-verifiable-lei-vlei/2024-11-18-gleif_introduction-to-the-vlei_v2.3_compressed.pdf,2026-10-03,partly-read
SRC-GLEIF-EGF,GLEIF vLEI Ecosystem Governance Framework v4.0 (index page),GLEIF,ecosystem-specification,EGF 4.0,2026-03-25,https://www.gleif.org/en/organizational-identity/become-a-vlei-issuer-qvi/vlei-ecosystem-governance-framework,2026-10-03,read
SRC-GLEIF-EGF-TR2,vLEI EGF v4.0 Technical Requirements Part 2 - vLEI Credentials v1.2,GLEIF,ecosystem-specification,1.2,2026-03-25,https://www.gleif.org/organizational-identity/become-a-vlei-issuer-qvi/vlei-ecosystem-governance-framework/2026-03-25_vlei-egf-v4.0-technical-requirements-part-2-vlei-credentials_v1.2_final.pdf,2026-10-03,read
SRC-GLEIF-EGF-PRIMARY,vLEI EGF v4.0 Primary Document v1.2,GLEIF,ecosystem-specification,1.2,2026-03-25,https://www.gleif.org/organizational-identity/become-a-vlei-issuer-qvi/vlei-ecosystem-governance-framework/2026-03-25_vlei-egf-v4.0-primary-document_v1.2_final.pdf,2026-10-03,snippet
SRC-GLEIF-LEI-CERT,GLEIF - The LEI in Digital Certificates (ISO 17442-2),GLEIF,ecosystem-specification,web page retrieved 2026-10-03,,https://www.gleif.org/en/organizational-identity/lei-vlei/the-legal-entity-identifier-lei/the-lei-in-digital-certificates,2026-10-03,read
SRC-GLEIF-GET-VLEI,GLEIF - Get a vLEI (list of Qualified vLEI Issuers),GLEIF,ecosystem-specification,web page retrieved 2026-10-03,,https://www.gleif.org/en/organizational-identity/get-an-lei-vlei/get-a-vlei,2026-10-03,read
SRC-GLEIF-BLOG-AUTH,"GLEIF blog - From Passwords to Proof, the vLEI Authenticator (2026-02-24)",GLEIF,ecosystem-specification,,2026-02-24,https://www.gleif.org/en/newsroom/blog/from-passwords-to-proof-how-the-vlei-authenticator-establishes-verifiable-organizational-roles,2026-10-03,read
SRC-ISO-TC68-17442-3,ISO/TC 68 news - ISO 17442-3 Verifiable LEIs (vLEIs) published,ISO/TC 68,standard,,,https://committee.iso.org/sites/tc68/home/news/content-left-area/news-and-updates/iso-17442-3-verifiable-leis-vlei.html,2026-10-03,read
SRC-GLEIF-PR-17442-3,GLEIF press release - ISO standardizes vLEI with ISO 17442-3 (2024-10-14),GLEIF,ecosystem-specification,,2024-10-14,https://www.gleif.org/en/newsroom/press-releases/iso-standardizes-gleif-s-pioneering-digital-organizational-identity-offering-with-publication-of-vlei-technical-standard,2026-10-03,read
SRC-GS1-VC-DM,GS1 Verifiable Credentials - White Paper on Data Model and Validations v1.0.1,GS1 AISBL,ecosystem-specification,1.0.1,2022-11-17,https://ref.gs1.org/gs1/vc/data-model/1.0.1/,2026-10-03,partly-read
SRC-GS1-VC-IDX,GS1 documents and artefacts related to Verifiable Credentials,GS1,ecosystem-specification,,,https://ref.gs1.org/gs1/vc/,2026-10-03,read
SRC-CX-0010,CX-0010 Business Partner Number v3.2.0 (preview),Catena-X Automotive Network Association,ecosystem-specification,v3.2.0 (preview),,https://catenax-ev.github.io/docs/next/standards/CX-0010-BusinessPartnerNumber,2026-10-03,read
SRC-CX-0050,CX-0050 Catena-X-specific verifiable credentials v2.2.1 (preview),Catena-X Automotive Network Association,ecosystem-specification,v2.2.1 (preview),,https://catenax-ev.github.io/docs/next/standards/CX-0050-CXSpecificCredentials/CX-0050-CatenaXSpecificVerifiableCredentials,2026-10-03,read
SRC-CX-0167,CX-0167 BPN-DID Resolution v1.0.0 (preview),Catena-X Automotive Network Association,ecosystem-specification,v1.0.0 (preview),,https://catenax-ev.github.io/docs/next/standards/CX-0167-BpnDidResolution,2026-10-03,partly-read
SRC-REG-952-2013,Regulation (EU) No 952/2013 Union Customs Code (Article 9 registration of economic operators),"European Union (OJ L 269, 10.10.2013)",official,OJ original text,2013-10-09,https://publications.europa.eu/resource/celex/32013R0952,2026-10-03,partly-read
SRC-DIR-2019-1151,Directive (EU) 2019/1151 amending Directive (EU) 2017/1132 as regards the use of digital tools and processes in company law,"European Union (OJ L 186, 11.7.2019, CELEX 32019L1151)",official,"OJ original text (Articles 13a to 13j, 16, 16a, 19, 28a to 28c inserted)",2019-06-20,https://eur-lex.europa.eu/eli/dir/2019/1151/oj,2026-10-03,read
SRC-DIR-2019-2121,"Directive (EU) 2019/2121 amending Directive (EU) 2017/1132 as regards cross-border conversions, mergers and divisions","European Union (OJ L 321, 12.12.2019, CELEX 32019L2121)",official,"OJ original text (Articles 86m, 86n read)",2019-11-27,https://eur-lex.europa.eu/eli/dir/2019/2121/oj,2026-10-03,read
SRC-COM-2026-321,"Proposal for a Regulation on the 28th regime corporate legal framework (EU Inc.), COM(2026) 321 final",European Commission,official,"COM(2026) 321 final, 2026/0074 (COD), not adopted",2026-03-18,https://commission.europa.eu/document/download/3e9822aa-8cef-40a1-904e-a53fc68e7265_en?filename=Proposal+for+an+EU+Inc+corporate+legal+framework.pdf,2026-10-03,read
SRC-REG-2026-1744,Regulation (EU) 2026/1744 of 8 July 2026 amending Regulation (EU) 2024/1689 (Digital Omnibus on AI),European Parliament and Council of the European Union,official,"OJ L, 24.7.2026",2026-07-08,https://publications.europa.eu/resource/celex/32026R1744,2026-10-03,read
SRC-DIR-2019-882,Directive (EU) 2019/882 on the accessibility requirements for products and services (European Accessibility Act),"European Parliament and Council (OJ L 151, 7.6.2019, CELEX 32019L0882)",official,OJ original text of 17 April 2019 (consolidation not read; no later amendment was checked),2019-04-17,https://eur-lex.europa.eu/eli/dir/2019/882/oj,2026-10-03,read
SRC-DIR-2016-2102,Directive (EU) 2016/2102 on the accessibility of the websites and mobile applications of public sector bodies (Web Accessibility Directive),"European Parliament and Council (OJ L 327, 2.12.2016, CELEX 32016L2102)",official,OJ original text of 26 October 2016,2016-10-26,https://eur-lex.europa.eu/eli/dir/2016/2102/oj,2026-10-03,read
SRC-CID-2018-2048,Commission Implementing Decision (EU) 2018/2048 on the harmonised standard for websites and mobile applications drafted in support of Directive (EU) 2016/2102,"European Commission (OJ L 327, 21.12.2018, p. 84)",official,OJ original text (published EN 301 549 V2.1.2 (2018-08); row 1 deleted by Decision (EU) 2021/1339),2018-12-20,https://eur-lex.europa.eu/eli/dec_impl/2018/2048/oj,2026-10-03,read
SRC-CID-2021-1339,Commission Implementing Decision (EU) 2021/1339 amending Implementing Decision (EU) 2018/2048 as regards the harmonised standard for websites and mobile applications,"European Commission (OJ L 289, 12.8.2021, p. 53)",official,OJ original text (publishes EN 301 549 V3.2.1 (2021-03); withdrawal of V2.1.2 applies from 12 February 2022),2021-08-11,https://eur-lex.europa.eu/eli/dec_impl/2021/1339/oj,2026-10-03,read
SRC-EN-301549,"ETSI EN 301 549 V3.2.1 (2021-03) Accessibility requirements for ICT products and services (harmonised European standard, CEN/CENELEC/ETSI)","CEN, CENELEC, ETSI",standard,V3.2.1 (2021-03); the version referenced in the OJ under Directive (EU) 2016/2102 per Decision (EU) 2021/1339; a newer version was not found,2021-03,https://www.etsi.org/deliver/etsi_en/301500_301599/301549/03.02.01_60/en_301549v030201p.pdf,2026-10-03,read
SRC-REG-2018-1724,Regulation (EU) 2018/1724 establishing a single digital gateway,"European Parliament and Council (OJ L 295, 21.11.2018, CELEX 32018R1724)",official,OJ original text of 2 October 2018 (consolidation not read),2018-10-02,https://eur-lex.europa.eu/eli/reg/2018/1724/oj,2026-10-03,read
SRC-EBW-ANNEX-CELLAR,"Annex to the Proposal for a Regulation on the establishment of European Business Wallets, COM(2025) 838 final (Cellar manifestation, part 2)",European Commission,official,"COM(2025) 838 final, ANNEX (stream 1_EN_annexe_proposition_part1_v5.html)",2025-11-19,http://publications.europa.eu/resource/cellar/bfd78780-c5de-11f0-8da2-01aa75ed71a1.0001.03/DOC_2,2026-10-03,read
SRC-CONSILIUM-PR-20260609,"European business wallets: Council adopts negotiating position (press release, 9 June 2026)",Council of the European Union,official,press release 9 June 2026,2026-06-09,https://www.consilium.europa.eu/en/press/press-releases/2026/06/09/european-business-wallets-council-adopts-negotiating-position/,2026-10-03,snippet
SRC-COUNCIL-ST-7604-26,"Council document ST 7604/26 (3rd Presidency compromise proposal, LIMITE, 27 March 2026)",Council of the European Union,official,7604/26 of 27 March 2026,2026-03-27,https://data.consilium.europa.eu/doc/document/ST-7604-2026-INIT/en/pdf,2026-10-03,snippet
SRC-EP-ITRE-DRAFT-REPORT,Draft report on the proposal for a regulation on the establishment of European Business Wallets (PE785.244v02-00),"European Parliament, Committee on Industry, Research and Energy (rapporteur Eero Heinäluoma, S&D)",official,"PE785.244v02-00, Amendments 1 to 140 to COM(2025) 838",2026-04-01,https://www.europarl.europa.eu/RegData/commissions/itre/projet_rapport/2026/785244/ITRE_PR(2026)785244_EN.pdf,2026-10-03,read
SRC-EP-ITRE-REPORT-A10-0240,"Report on the proposal for a regulation on the establishment of European Business Wallets, A10-0240/2026","European Parliament, Committee on Industry, Research and Energy",official,"A10-0240/2026, tabled 23 September 2026",2026-09-23,https://www.europarl.europa.eu/doceo/document/A-10-2026-0240_EN.html,2026-10-03,snippet
SRC-EP-IMCO-OPINION,Opinion of the Committee on the Internal Market and Consumer Protection on European Business Wallets (PE786.736),"European Parliament, IMCO (rapporteur for opinion Veronika Cifrová Ostrihoňová, Renew)",official,PE786.736v03-00,2026-06-04,https://www.europarl.europa.eu/RegData/commissions/imco/avis/2026/786736/IMCO_AD(2026)786736_EN.pdf,2026-10-03,snippet
SRC-EP-JURI-OPINION,Opinion of the Committee on Legal Affairs on European Business Wallets (PE786.718),"European Parliament, JURI (rapporteur for opinion Axel Voss, EPP)",official,PE786.718v03-00,2026-06-08,https://www.europarl.europa.eu/RegData/commissions/juri/avis/2026/786718/JURI_AD(2026)786718_EN.pdf,2026-10-03,snippet
SRC-EP-OEIL-2025-0358,"Procedure file 2025/0358(COD), Establishment of European Business Wallets","European Parliament, Legislative Observatory",official,page as retrieved 2026-10-03,2026-10-03,https://oeil.secure.europarl.europa.eu/oeil/en/procedure-file?reference=2025/0358(COD),2026-10-03,read
SRC-EP-LEGTRAIN-EBW,Legislative Train Schedule: European business wallets (2025/0358(COD)),"European Parliament, EPRS",official,information updated as of 20/09/2026,2026-09-20,https://www.europarl.europa.eu/legislative-train/theme-a-europe-fit-for-the-digital-age/file-european-business-wallet,2026-10-03,read
SRC-EESC-INT1110,"EESC opinion: European Business Wallets (INT/1110, CES3899/2025)",European Economic and Social Committee (rapporteur Philip von Brockdorff),official,adopted 18 March 2026 (INT section),2026-03-18,https://www.eesc.europa.eu/en/our-work/opinions-information-reports/opinions/european-business-wallets,2026-10-03,snippet
SRC-EDPS-OPINION-5-2026,EDPS Opinion 5/2026 on the Proposal for a Regulation on the establishment of European Business Wallets,European Data Protection Supervisor,official,Opinion 5/2026 of 20 January 2026,2026-01-20,https://www.edps.europa.eu/system/files/2026-01/26-01-20_opinion_establishment_of_european_business_wallets_en.pdf,2026-10-03,read
SRC-COR-CDR4359,Committee of the Regions opinion CDR 4359/2025 on European Business Wallets,European Committee of the Regions,official,CDR4359/2025,2026-07-01,https://dmsearch.cor.europa.eu/search/public?k=(documenttype:AC)(documentnumber:4359)(documentyear:2025)(documentlanguage:EN),2026-10-03,snippet
SRC-EC-DPP-PAGE,"Digital Product Passport (European Commission web page, DG GROW)",European Commission,official,"web page as read 3 October 2026 (indicative timeline, subject to publication)",2026-07-17,https://single-market-economy.ec.europa.eu/single-market/digital-product-passport_en,2026-10-03,read
SRC-REG-2023-1542,"Regulation (EU) 2023/1542 (Batteries Regulation), Articles 77 and 78 battery passport","European Union (OJ L 191, 28.7.2023, CELEX 32023R1542)",official,OJ original text; later amendments not read,2023-07-12,https://eur-lex.europa.eu/eli/reg/2023/1542/oj,2026-10-03,read
SRC-DR-2016-161,Commission Delegated Regulation (EU) 2016/161 supplementing Directive 2001/83/EC with detailed rules for the safety features on the packaging of medicinal products,"European Commission (OJ L 32, 9.2.2016, CELEX 32016R0161)",official,"OJ original text (Articles 4, 5, 31 to 39 read)",2015-10-02,https://eur-lex.europa.eu/eli/reg_del/2016/161/oj,2026-10-03,read
SRC-DIR-2011-62,Directive 2011/62/EU amending Directive 2001/83/EC as regards the prevention of the entry into the legal supply chain of falsified medicinal products,"European Union (OJ L 174, 1.7.2011, CELEX 32011L0062)",official,OJ original text; consolidated Directive 2001/83/EC not read,2011-06-08,https://eur-lex.europa.eu/eli/dir/2011/62/oj,2026-10-03,partly-read
SRC-REG-2023-1115,"Regulation (EU) 2023/1115 on deforestation-free products (EUDR), Articles 4, 6, 7, 9, 33","European Union (OJ L 150, 9.6.2023, CELEX 32023R1115)",official,OJ original text; amending acts on application date and simplification not read,2023-05-31,https://eur-lex.europa.eu/eli/reg/2023/1115/oj,2026-10-03,read
SRC-REG-2020-1056,"Regulation (EU) 2020/1056 on electronic freight transport information (eFTI), Articles 4 to 9","European Union (OJ L 249, 31.7.2020, CELEX 32020R1056)",official,OJ original text; delegated and implementing acts not read,2020-07-15,https://eur-lex.europa.eu/eli/reg/2020/1056/oj,2026-10-03,read
SRC-DIR-2019-944,"Directive (EU) 2019/944 on common rules for the internal market for electricity, Articles 23 and 24","European Union (OJ L 158, 14.6.2019, CELEX 32019L0944)",official,OJ original text; later amendments (including Directive (EU) 2024/1711) not read,2019-06-05,https://eur-lex.europa.eu/eli/dir/2019/944/oj,2026-10-03,read
SRC-IR-2023-1162,Commission Implementing Regulation (EU) 2023/1162 on interoperability requirements and non-discriminatory and transparent procedures for access to metering and consumption data,"European Commission (OJ L 154, 15.6.2023, CELEX 32023R1162)",official,"OJ original text, Articles 1 to 14 and Annex",2023-06-06,https://eur-lex.europa.eu/eli/reg_impl/2023/1162/oj,2026-10-03,read
SRC-DGA,"Regulation (EU) 2022/868 on European data governance (Data Governance Act), Articles 10 to 12, 17, 18, 21, 22","European Union (OJ L 152, 3.6.2022, CELEX 32022R0868)",official,OJ original text,2022-05-30,https://eur-lex.europa.eu/eli/reg/2022/868/oj,2026-10-03,read
SRC-ETSI-TS-119431-1,ETSI TS 119 431-1 Electronic Signatures and Trust Infrastructures (ESI); Policy and security requirements for trust service providers; Part 1: TSP service components operating a remote QSCD / SCDev,ETSI,standard,V1.3.1,2024-12,https://www.etsi.org/deliver/etsi_ts/119400_119499/11943101/01.03.01_60/ts_11943101v010301p.pdf,2026-10-03,read
SRC-ETSI-TS-119431-2,ETSI TS 119 431-2 Electronic Signatures and Trust Infrastructures (ESI); Policy and security requirements for trust service providers; Part 2: TSP service components supporting AdES digital signature creation,ETSI,standard,V1.2.1,2023-06,https://www.etsi.org/deliver/etsi_ts/119400_119499/11943102/01.02.01_60/ts_11943102v010201p.pdf,2026-10-03,snippet
SRC-ETSI-TS-119432,ETSI TS 119 432 Electronic Signatures and Trust Infrastructures (ESI); Protocols for remote digital signature creation,ETSI,standard,V1.3.1,2026-03,https://www.etsi.org/deliver/etsi_ts/119400_119499/119432/01.03.01_60/ts_119432v010301p.pdf,2026-10-03,snippet
SRC-CSC-API-V2,"Cloud Signature Consortium, Architectures and protocols for remote signature applications (CSC API) version 2.0.0.2",Cloud Signature Consortium,standard,2.0.0.2,2023-04,https://cloudsignatureconsortium.org/wp-content/uploads/2023/04/csc-api-v2.0.0.2.pdf,2026-10-03,read
SRC-CIR-2025-847,Commission Implementing Regulation (EU) 2025/847 laying down rules for the application of Regulation (EU) No 910/2014 as regards reactions to security breaches of European Digital Identity Wallets,European Commission,official,"OJ L, 7.5.2025",2025-05-07,https://eur-lex.europa.eu/eli/reg_impl/2025/847/oj,2026-10-03,read
SRC-CID-2016-650,Commission Implementing Decision (EU) 2016/650 laying down standards for the security assessment of qualified signature and seal creation devices pursuant to Articles 30(3) and 39(2) of Regulation (EU) No 910/2014,European Commission,official,"OJ L 109, 26.4.2016",2016-04-25,https://eur-lex.europa.eu/eli/dec_impl/2016/650/oj,2026-10-03,read
SRC-IETF-TSL,"IETF Token Status List (TSL), draft-ietf-oauth-status-list",IETF OAuth Working Group,standard,draft-21,2026-06-21,https://datatracker.ietf.org/doc/draft-ietf-oauth-status-list/,2026-10-03,read
SRC-ARF-MAIN,"EUDI Wallet Architecture and Reference Framework, main document chapters 2, 3, 4 and 7 (eudi.dev rendering)",European Commission and Member States (EUDI Wallet toolbox),standard,ARF v3.0.0 (as rendered at /latest/),2026-07-21,https://eudi.dev/latest/main/04-high-level-architecture/,2026-10-03,read
SRC-ARF-DT-AB,EUDI Wallet ARF Discussion Topic AB: Digital signature using wallet,European Commission and Member States (EUDI Wallet toolbox),standard,1.1,2026-09-16,https://eudi.dev/latest/discussion-topics/ab-digital-signature-using-wallet/,2026-10-03,snippet
SRC-OID4VCI-1.0,OpenID for Verifiable Credential Issuance 1.0,"OpenID Foundation, Digital Credentials Protocols WG",standard,1.0 Final,2025-09-16,https://openid.net/specs/openid-4-verifiable-credential-issuance-1_0.html,2026-10-03,read
SRC-OID4VP-1.0,OpenID for Verifiable Presentations 1.0,"OpenID Foundation, Digital Credentials Protocols WG",standard,1.0 Final,2025-07-09,https://openid.net/specs/openid-4-verifiable-presentations-1_0.html,2026-10-03,read
SRC-HAIP-1.0,OpenID4VC High Assurance Interoperability Profile 1.0,"OpenID Foundation, Digital Credentials Protocols WG",standard,1.0 Final,2025-12-24,https://openid.net/specs/openid4vc-high-assurance-interoperability-profile-1_0.html,2026-10-03,read
SRC-OIDF-FEDERATION-1.0,OpenID Federation 1.0,"OpenID Foundation, OpenID Connect Working Group",standard,1.0 Final,2026-02-17,https://openid.net/specs/openid-federation-1_0.html,2026-10-03,partly-read
SRC-ETSI-119472-2,ETSI TS 119 472-2 Profiles for Electronic Attestations of Attributes; Part 2: Profiles for EAA/PID presentations to Relying Party,ETSI,standard,V1.2.1,2026-03,https://www.etsi.org/deliver/etsi_ts/119400_119499/11947202/01.02.01_60/ts_11947202v010201p.pdf,2026-10-03,partly-read
SRC-ETSI-119472-3,ETSI TS 119 472-3 Profiles for Electronic Attestations of Attributes; Part 3: Profiles for issuance of EAA or PID,ETSI,standard,V1.1.1,2026-03,https://www.etsi.org/deliver/etsi_ts/119400_119499/11947203/01.01.01_60/ts_11947203v010101p.pdf,2026-10-03,partly-read
SRC-ETSI-119615,ETSI TS 119 615 Trusted lists; Procedures for using and interpreting European Union Member States national trusted lists,ETSI,standard,V1.4.1,2026-05,https://www.etsi.org/deliver/etsi_ts/119600_119699/119615/01.04.01_60/ts_119615v010401p.pdf,2026-10-03,partly-read
SRC-ETSI-EN-319522-1,ETSI EN 319 522-1 Electronic Registered Delivery Services; Part 1: Framework and Architecture,ETSI,standard,V1.2.1,2024-01,https://www.etsi.org/deliver/etsi_en/319500_319599/31952201/01.02.01_60/en_31952201v010201p.pdf,2026-10-03,partly-read
SRC-ETSI-EN-319522-4-1,ETSI EN 319 522-4-1 Electronic Registered Delivery Services; Part 4: Bindings; Sub-part 1: Message delivery bindings,ETSI,standard,V1.2.1,2019-01,https://www.etsi.org/deliver/etsi_en/319500_319599/3195220401/01.02.01_60/en_3195220401v010201p.pdf,2026-10-03,partly-read
SRC-ETSI-EN-319522-4-3,ETSI EN 319 522-4-3 Electronic Registered Delivery Services; Part 4: Bindings; Sub-part 3: Capability/requirements bindings,ETSI,standard,V1.1.1,2018-09,https://www.etsi.org/deliver/etsi_en/319500_319599/3195220403/01.01.01_60/en_3195220403v010101p.pdf,2026-10-03,partly-read
SRC-OASIS-AS4,AS4 Profile of ebMS 3.0 Version 1.0,OASIS ebXML Messaging Services TC,standard,1.0 OASIS Standard,2013-01-23,https://docs.oasis-open.org/ebxml-msg/ebms/v3.0/profiles/AS4-profile/v1.0/os/AS4-profile-v1.0-os.html,2026-10-03,partly-read
SRC-ETSI-EN-319401-V3.2.1,ETSI EN 319 401 General Policy Requirements for Trust Service Providers (V3.2.1),ETSI,standard,V3.2.1,2026-01,https://www.etsi.org/deliver/etsi_en/319400_319499/319401/03.02.01_60/en_319401v030201p.pdf,2026-10-03,partly-read
SRC-ETSI-119511,ETSI TS 119 511 Policy and security requirements for trust service providers providing long-term preservation of digital signatures or unsigned data using digital signature techniques,ETSI,standard,V1.2.1,2025-10,https://www.etsi.org/deliver/etsi_ts/119500_119599/119511/01.02.01_60/ts_119511v010201p.pdf,2026-10-03,snippet
SRC-ETSI-119512,ETSI TS 119 512 Protocols for trust service providers providing long-term data preservation services,ETSI,standard,V1.2.1,2023-05,https://www.etsi.org/deliver/etsi_ts/119500_119599/119512/01.02.01_60/ts_119512v010201p.pdf,2026-10-03,snippet
SRC-CIR-2024-2690,"Commission Implementing Regulation (EU) 2024/2690 (cybersecurity risk-management measures and significant incidents under NIS2, including trust service providers)","European Union (OJ L, 18.10.2024, CELEX 32024R2690)",official,OJ original text,2024-10-17,https://eur-lex.europa.eu/eli/reg_impl/2024/2690/oj,2026-10-03,read
SRC-CIR-2025-1946,Commission Implementing Regulation (EU) 2025/1946 (qualified preservation services for qualified electronic signatures and seals),"European Union (OJ L, 30.9.2025, CELEX 32025R1946)",official,OJ original text,2025-09-29,https://eur-lex.europa.eu/eli/reg_impl/2025/1946/oj,2026-10-03,read
SRC-CIR-2025-2530,Commission Implementing Regulation (EU) 2025/2530 (requirements for qualified trust service providers providing qualified trust services),"European Union (OJ L, 17.12.2025, CELEX 32025R2530)",official,OJ original text,2025-12-16,https://eur-lex.europa.eu/eli/reg_impl/2025/2530/oj,2026-10-03,read
SRC-RFC-9162,RFC 9162 Certificate Transparency Version 2.0,IETF,standard,RFC 9162 (Experimental),2021-12,https://www.rfc-editor.org/rfc/rfc9162,2026-10-03,partly-read
SRC-RFC-9943,RFC 9943 An Architecture for Trustworthy and Transparent Digital Supply Chains (SCITT),IETF,standard,RFC 9943 (Standards Track),2026-06,https://www.rfc-editor.org/rfc/rfc9943,2026-10-03,partly-read
SRC-EDPB-GL-07-2020,EDPB Guidelines 07/2020 on the concepts of controller and processor in the GDPR,European Data Protection Board,official,"Version 2.1 (adopted 7 July 2021, corrections 20 September 2022)",2022-09-20,https://www.edpb.europa.eu/system/files/2023-10/edpb_guidelines_202007_controllerprocessor_final_en.pdf,2026-10-03,partly-read
SRC-EDPB-GL-01-2025,EDPB Guidelines 01/2025 on Pseudonymisation,European Data Protection Board,official,"Adopted 16 January 2025, version for public consultation",2025-01-16,https://www.edpb.europa.eu/system/files/2025-01/edpb_guidelines_202501_pseudonymisation_en.pdf,2026-10-03,partly-read
SRC-EDPB-GL-04-2019,EDPB Guidelines 4/2019 on Article 25 Data Protection by Design and by Default,European Data Protection Board,official,Version 2.0 (adopted 20 October 2020),2020-10-20,https://www.edpb.europa.eu/sites/default/files/files/file1/edpb_guidelines_201904_dataprotection_by_design_and_by_default_v2.0_en.pdf,2026-10-03,snippet
SRC-DSP,Dataspace Protocol (Eclipse Dataspace Protocol Base) Release 2025-1,Eclipse Dataspace Working Group,standard,Release 2025-1 (latest tag 2025-1-err2); repository commit 8c20a5b,2026-09-09,https://eclipse-dataspace-protocol-base.github.io/DataspaceProtocol/2025-1/,2026-10-03,partly-read
SRC-GAIAX-COMPLIANCE-24.04,"Gaia-X Compliance Document 24.04-prerelease (policy rules, trust anchors and process)",Gaia-X European Association for Data and Cloud AISBL,ecosystem-specification,24.04-prerelease (page served as latest),2024-04-22,https://docs.gaia-x.eu/policy-rules-committee/trust-framework/latest/,2026-10-03,partly-read
SRC-LOTL-EU,"EU list of trusted lists (LOTL), machine-readable XML instance",European Commission,official,TSL sequence number 395,2026-09-24,https://ec.europa.eu/tools/lotl/eu-lotl.xml,2026-10-03,read
SRC-CX-0009,CX-0009 CX Registration API v2.0.0 (preview),Catena-X Automotive Network Association,ecosystem-specification,"v2.0.0 (preview, fast-track, not yet certifiable)",,https://catenax-ev.github.io/docs/next/standards/CX-0009-CXRegistrationAPI,2026-10-03,partly-read
SRC-CX-0076,CX-0076 Golden Record End-to-End Requirements Standard v1.7.0 (preview),Catena-X Automotive Network Association,ecosystem-specification,v1.7.0 (preview); stable CX-Titan is v1.5.0,,https://catenax-ev.github.io/docs/next/standards/CX-0076-GoldenRecordEndtoEndRequirementsStandard,2026-10-03,read
SRC-CX-0135,CX-0135 Business Partner Company Certificate Management v2.4.0 (preview),Catena-X Automotive Network Association,ecosystem-specification,v2.4.0 (preview; same version in CX-Titan),,https://catenax-ev.github.io/docs/next/standards/CX-0135-CompanyCertificateManagement,2026-10-03,partly-read
SRC-CX-0149,CX-0149 Wallet Requirements v2.1.0 (preview),Catena-X Automotive Network Association,ecosystem-specification,v2.1.0 (preview); stable CX-Titan is v2.0.0,,https://catenax-ev.github.io/docs/next/standards/CX-0149-WalletRequirements,2026-10-03,read
SRC-CX-0152,CX-0152 Policy Constraints for Data Exchange v1.0.0 (preview),Catena-X Automotive Network Association,ecosystem-specification,v1.0.0 (preview; same version in CX-Titan),,https://catenax-ev.github.io/docs/next/standards/CX-0152-PolicyConstrainsForDataExchange,2026-10-03,partly-read
SRC-REG-269-2014,"Council Regulation (EU) No 269/2014 concerning restrictive measures in respect of actions undermining or threatening the territorial integrity, sovereignty and independence of Ukraine (Articles 2 and 17)",Council of the European Union,official,"OJ L 78, 17.3.2014 (original text read; later amendments not checked)",,https://publications.europa.eu/resource/celex/32014R0269,2026-10-04,partly-read
SRC-IDTA-AAS-P4,"Specification of the Asset Administration Shell, Part 4: Security (IDTA-01004-3-1)",Industrial Digital Twin Association,ecosystem-specification,V3.1,2025,https://industrialdigitaltwin.io/aas-specifications/IDTA-01004/v3.1/index.html,2026-10-03,read
SRC-REG-2014-910-ORIG,"Regulation (EU) No 910/2014 (eIDAS), OJ original text including recitals (recital 65 on seals authenticating software code or servers; Arts 35, 36 read in the consolidated copy)",European Union,official,"OJ L 257, 28.8.2014",2014-07-23,https://publications.europa.eu/resource/celex/32014R0910,2026-10-04,partly-read
SRC-REG-2024-1183,Regulation (EU) 2024/1183 amending Regulation (EU) No 910/2014 as regards establishing the European Digital Identity Framework (OJ text; recital 19 on powers of representation and e-mandates read),European Union,official,"OJ L, 30.4.2024",2024-04-11,https://publications.europa.eu/resource/celex/32024R1183,2026-10-04,partly-read
SRC-AIACT-CONSOL-2026-07,"Regulation (EU) 2024/1689 (AI Act), consolidated text of 27.07.2026",European Union,official,consolidated 27.07.2026,2026-07-27,https://publications.europa.eu/resource/celex/02024R1689-20260727,2026-10-04,partly-read
SRC-VC-BSL-1.0,"Bitstring Status List v1.0, W3C Recommendation",W3C,standard,1.0,2025-05-15,https://www.w3.org/TR/vc-bitstring-status-list/,2026-10-04,partly-read
SRC-IETF-OAUTH-STATUS-LIST,"Token Status List (TSL), draft-ietf-oauth-status-list-21",IETF OAuth WG,standard,"draft-21 (Internet-Draft, expires 23 December 2026)",2026-06-23,https://datatracker.ietf.org/doc/draft-ietf-oauth-status-list/,2026-10-04,partly-read
SRC-UCAN-SPEC,User Controlled Authorization Network (UCAN) Specification v1.0.0,UCAN Working Group (community),ecosystem-specification,1.0.0,,https://github.com/ucan-wg/spec,2026-10-04,partly-read
SRC-UCAN-DELEGATION,UCAN Delegation Specification v1.0.0,UCAN Working Group (community),ecosystem-specification,1.0.0,,https://github.com/ucan-wg/delegation,2026-10-04,partly-read
SRC-UCAN-REVOCATION,UCAN Revocation Specification,UCAN Working Group (community),ecosystem-specification,,,https://github.com/ucan-wg/revocation,2026-10-04,partly-read
SRC-SPIFFE-ID,The SPIFFE Identity and Verifiable Identity Document (SPIFFE-ID standard),SPIFFE project (CNCF),ecosystem-specification,Stable (per STABILITY.md),,https://github.com/spiffe/spiffe/blob/main/standards/SPIFFE-ID.md,2026-10-04,partly-read
SRC-SPIFFE-X509-SVID,The X.509 SPIFFE Verifiable Identity Document,SPIFFE project (CNCF),ecosystem-specification,Stable (per STABILITY.md),,https://github.com/spiffe/spiffe/blob/main/standards/X509-SVID.md,2026-10-04,snippet
SRC-OPCUA-P2,OPC UA Part 2 Security Model (OPC 10000-2),OPC Foundation,standard,Release 1.05.06,2025-10-22,https://reference.opcfoundation.org/specs/OPC-10000-2/full,2026-10-04,partly-read
SRC-IEC-62443-3-3,IEC 62443-3-3:2013 Industrial communication networks - Network and system security - Part 3-3 System security requirements and security levels (publisher abstract),IEC,standard,2013,,https://webstore.iec.ch/publication/7033,2026-10-04,snippet
SRC-IEC-62443-4-2,IEC 62443-4-2:2019 Security for industrial automation and control systems - Part 4-2 Technical security requirements for IACS components (publisher abstract),IEC,standard,2019 (corrigendum August 2022 included),,https://webstore.iec.ch/publication/34421,2026-10-04,snippet
SRC-ISA-62443-SERIES,ISA/IEC 62443 series of standards (ISA overview page listing parts 1-1 to 4-2),International Society of Automation (ISA),standard,,,https://www.isa.org/standards-and-publications/isa-standards/isa-iec-62443-series-of-standards,2026-10-04,snippet
SRC-TX-PORTAL-ASSETS-CHANGELOG,Eclipse Tractus-X portal-assets CHANGELOG (technical user documentation entries),Eclipse Tractus-X project,ecosystem-specification,,,https://github.com/eclipse-tractusx/portal-assets/blob/main/CHANGELOG.md,2026-10-04,snippet
SRC-ODRL-IM-2.2,"ODRL Information Model 2.2, W3C Recommendation",W3C,standard,2.2,2018-02-15,https://www.w3.org/TR/odrl-model/,2026-10-04,partly-read
SRC-ODRL-VOCAB-2.2,"ODRL Vocabulary and Expression 2.2, W3C Recommendation",W3C,standard,2.2,2018-02-15,https://www.w3.org/TR/odrl-vocab/,2026-10-04,snippet
